[
  {
    "id": "26c4d24d-fe87-4105-986c-a0b2da4bd9ba",
    "userId": "aa863923-b16f-47a0-9a51-7ef95b3a41ac",
    "name": "Design 8/13/2025, 2:09:43 PM",
    "config": {
      "color": "#800080",
      "logo": null,
      "logoPosition": {
        "x": 0,
        "y": 0
      },
      "logoScale": 1,
      "text": "teste",
      "textPosition": {
        "x": -1,
        "y": 0.42
      },
      "textColor": "#000000",
      "textSize": 0.1,
      "style": "crew-neck",
      "modelType": "procedural",
      "externalModel": null,
      "renderQuality": "medium"
    },
    "createdAt": "2025-08-13T17:09:44.067Z",
    "updatedAt": "2025-08-13T17:09:44.067Z",
    "isPublic": false
  }
]