[
  {
    "id": "001e661f-8299-4b94-9961-4c441179d122",
    "originalName": "arquitetura_cnn.png",
    "filename": "75616d32-bca0-4bde-8739-29e72fe01dac_1755104872948.png",
    "mimetype": "image/png",
    "size": 1093145,
    "uploadedBy": "e168db1d-55bd-4347-b7c1-0ed2649bdd40",
    "uploadedAt": "2025-08-13T17:07:53.405Z",
    "url": "/uploads/75616d32-bca0-4bde-8739-29e72fe01dac_1755104872948.png"
  },
  {
    "id": "0037aedf-8416-49f5-a72b-7d8677f82345",
    "originalName": "2BFD98E5-2450-43C0-94DB-E0EB4B42A968.jpg",
    "filename": "c660bf8c-c1a6-4b09-99fa-06a5392853ee_1755104896153.jpg",
    "mimetype": "image/jpeg",
    "size": 2387248,
    "uploadedBy": "e168db1d-55bd-4347-b7c1-0ed2649bdd40",
    "uploadedAt": "2025-08-13T17:08:16.308Z",
    "url": "/uploads/c660bf8c-c1a6-4b09-99fa-06a5392853ee_1755104896153.jpg"
  },
  {
    "id": "20255634-652e-401d-9bac-9a3d128e0aba",
    "originalName": "linha-do-tempo.png",
    "filename": "70a229f1-1ab6-40e7-95d5-d9de4c0124c5_1755106562144.png",
    "mimetype": "image/png",
    "size": 979572,
    "uploadedBy": "aa863923-b16f-47a0-9a51-7ef95b3a41ac",
    "uploadedAt": "2025-08-13T17:36:03.188Z",
    "url": "/uploads/70a229f1-1ab6-40e7-95d5-d9de4c0124c5_1755106562144.png"
  }
]